코드,종목명,시장,시가총액_억,종가,유지주수,시작주
055550,신한지주,KOSPI,514986.912183,109700.0,57,2025-07-28
144960,뉴파워프라즈마,KOSDAQ,4211.9689536,9640.0,19,2026-04-20
219130,타이거일렉,KOSDAQ,3921.17409,62100.0,19,2026-04-20
041830,인바디,KOSDAQ,8128.971846,60300.0,16,2026-05-11
001450,현대해상,KOSPI,44670.083,52400.0,15,2026-05-18
003690,코리안리,KOSPI,25871.9589384,14640.0,15,2026-05-18
483650,달바글로벌,KOSPI,28684.34535,229000.0,10,2026-06-22
161890,한국콜마,KOSPI,38169.409509,161700.0,9,2026-06-29
002990,금호건설,KOSPI,6341.6475748,17020.0,9,2026-06-29
105560,KB금융,KOSPI,608644.151544,171600.0,8,2026-07-06
415640,KB발해인프라,KOSPI,12806.009766,10450.0,8,2026-07-06
086790,하나금융지주,KOSPI,373140.13728,136000.0,7,2026-07-13
010950,S-Oil,KOSPI,167973.525664,149200.0,7,2026-07-13
093320,케이아이엔엑스,KOSDAQ,7432.24,152300.0,7,2026-07-13
079940,가비아,KOSDAQ,6153.383614,45850.0,7,2026-07-13
453340,현대그린푸드,KOSPI,6127.3884669,18870.0,7,2026-07-13
017890,한국알콜,KOSDAQ,3051.4094856,14760.0,7,2026-07-13
078930,GS,KOSPI,120020.97954,129200.0,6,2026-07-20
007070,GS리테일,KOSPI,22281.3760975,26650.0,6,2026-07-20
001800,오리온홀딩스,KOSPI,15761.042824,26200.0,6,2026-07-20
006340,대원전선,KOSPI,10672.2020176,13610.0,5,2026-07-27
002810,삼영무역,KOSPI,4108.89593,22250.0,5,2026-07-27
121440,골프존홀딩스,KOSDAQ,3534.037485,8250.0,5,2026-07-27
033780,KT&G,KOSPI,183017.833928,176300.0,4,2026-08-03
007340,DN오토모티브,KOSPI,27617.12828,47200.0,4,2026-08-03
089860,롯데렌탈,KOSPI,17319.578076,47700.0,4,2026-08-03
252990,샘씨엔에스,KOSDAQ,8364.2647821,13890.0,4,2026-08-03
340570,티앤엘,KOSDAQ,4965.66708,30900.0,4,2026-08-03
317400,자이에스앤디,KOSPI,4363.0335,11250.0,4,2026-08-03
018260,삼성에스디에스,KOSPI,188028.054,243000.0,3,2026-08-10
028050,삼성E&A,KOSPI,95550.0,48750.0,3,2026-08-10
181710,NHN,KOSPI,22828.937883,69700.0,3,2026-08-10
092730,네오팜,KOSDAQ,4063.0952115,25350.0,3,2026-08-10
003550,LG,KOSPI,175836.300652,116300.0,2,2026-08-17
073240,금호타이어,KOSPI,21142.3571232,7360.0,2,2026-08-17
096530,씨젠,KOSDAQ,18618.566861,35650.0,2,2026-08-17
241710,코스메카코리아,KOSDAQ,16436.52,153900.0,2,2026-08-17
092230,KPX홀딩스,KOSPI,4406.305778,104300.0,2,2026-08-17
036800,나이스정보통신,KOSDAQ,3276.0,7200.0,2,2026-08-17
017670,SK텔레콤,KOSPI,211782.992258,98600.0,1,2026-08-24
278470,에이피알,KOSPI,172777.085325,461500.0,1,2026-08-24
003490,대한항공,KOSPI,105679.329707,28700.0,1,2026-08-24
180640,한진칼,KOSPI,87658.872327,131300.0,1,2026-08-24
192820,코스맥스,KOSPI,34389.01227,303000.0,1,2026-08-24
009420,한올바이오파마,KOSPI,33747.452148,64600.0,1,2026-08-24
085620,미래에셋생명,KOSPI,31361.76,23200.0,1,2026-08-24
282330,BGF리테일,KOSPI,25407.34182,147000.0,1,2026-08-24
119850,지엔씨에너지,KOSDAQ,8586.330498,52200.0,1,2026-08-24
092190,서울바이오시스,KOSDAQ,4224.4780743,9210.0,1,2026-08-24
236200,슈프리마,KOSDAQ,3905.61416,56000.0,1,2026-08-24
005950,이수화학,KOSPI,3186.8532828,12120.0,1,2026-08-24
108670,LX하우시스,KOSPI,3174.55518,35400.0,1,2026-08-24
244920,에이플러스에셋,KOSPI,3022.6485541,13370.0,1,2026-08-24
